loss,step,epoch,train_seconds,test_accuracy
ce,0,0.0,0.0,0.1035
ce,50,0.10660980810234541,0.0768965000170283,0.8392
ce,100,0.21321961620469082,0.14911470015067607,0.8398
ce,150,0.31982942430703626,0.22476750012720004,0.8901
ce,200,0.42643923240938164,0.29032310034381226,0.9162
ce,250,0.5330490405117271,0.35790419921977445,0.9174
ce,300,0.6396588486140725,0.4279571991064586,0.9269
ce,350,0.746268656716418,0.4963265990372747,0.9251
ce,400,0.8528784648187633,0.585827999166213,0.9332
ce,450,0.9594882729211087,0.6416898989118636,0.9313
ce,469,1.0,0.663680498895701,0.9364
ce,500,1.0660980810234542,0.6989242990966886,0.9343
ce,550,1.1727078891257996,0.7635837006382644,0.9427
ce,600,1.279317697228145,0.8296913006342947,0.9406
ce,650,1.3859275053304905,0.898710300505627,0.9412
ce,700,1.492537313432836,0.9681169001851231,0.947
ce,750,1.5991471215351811,1.0346545003121719,0.9471
ce,800,1.7057569296375266,1.0985385003732517,0.9507
ce,850,1.812366737739872,1.1637488002888858,0.9523
ce,900,1.9189765458422174,1.2352266001398675,0.954
ce,938,2.0,1.2892588002723642,0.9543
ce,950,2.025586353944563,1.3046288003097288,0.9546
ce,1000,2.1321961620469083,1.4222428998327814,0.9505
ce,1050,2.2388059701492535,1.625191199942492,0.9499
ce,1100,2.345415778251599,1.7539867002051324,0.9548
ce,1150,2.4520255863539444,2.0414780002320185,0.9562
ce,1200,2.55863539445629,2.1479196999571286,0.9569
ce,1250,2.6652452025586353,2.270106099836994,0.9613
ce,1300,2.771855010660981,2.403517499973532,0.9597
ce,1350,2.878464818763326,2.5316613998729736,0.9618
ce,1400,2.985074626865672,2.739678600046318,0.9606
ce,1407,3.0,2.7548561000148766,0.9616
ce,1450,3.091684434968017,2.876860499905888,0.9609
ce,1500,3.1982942430703623,2.988067199883517,0.9633
ce,1550,3.304904051172708,3.109252499823924,0.9647
ce,1600,3.411513859275053,3.253212299721781,0.9615
ce,1650,3.518123667377399,3.49215209990507,0.9661
ce,1700,3.624733475479744,3.5998326998087578,0.9628
ce,1750,3.7313432835820897,3.7213419998879544,0.9644
ce,1800,3.837953091684435,3.8980710998293944,0.9644
ce,1850,3.9445628997867805,4.074299899977632,0.9646
ce,1876,4.0,4.140673600020818,0.9673
ce,1900,4.051172707889126,4.201383300067391,0.9654
ce,1950,4.157782515991471,4.384051299770363,0.9672
ce,2000,4.264392324093817,4.503500099875964,0.9654
ce,2050,4.371002132196162,4.603678899584338,0.966
ce,2100,4.477611940298507,4.896862699417397,0.9671
ce,2150,4.584221748400853,5.047684399585705,0.9681
ce,2200,4.690831556503198,5.187739499553572,0.969
ce,2250,4.797441364605544,5.315108199079987,0.969
ce,2300,4.904051172707889,5.436118899204303,0.9692
ce,2345,5.0,5.539847799285781,0.968
ce,2350,5.0106609808102345,5.567033699247986,0.9687
ce,2400,5.11727078891258,5.676357599149924,0.9688
ce,2450,5.223880597014926,5.791255399235524,0.9691
ce,2500,5.330490405117271,5.915460799180437,0.9699
ce,2550,5.437100213219616,6.043522299325559,0.9683
ce,2600,5.543710021321962,6.1497969997581095,0.9687
ce,2650,5.650319829424307,6.349077399645466,0.9683
ce,2700,5.756929637526652,6.460101399628911,0.9711
ce,2750,5.863539445628998,6.587620799604338,0.9713
ce,2800,5.970149253731344,6.771067199588288,0.9693
ce,2814,6.0,6.977414699620567,0.9704
ce,2850,6.076759061833688,7.0649142998154275,0.9697
ce,2900,6.183368869936034,7.209368799929507,0.9724
ce,2950,6.28997867803838,7.391529099608306,0.9731
ce,3000,6.3965884861407245,7.725554199540056,0.97
ce,3050,6.50319829424307,7.8315158995683305,0.9721
ce,3100,6.609808102345416,7.949342799664009,0.9712
ce,3150,6.7164179104477615,8.068341099249665,0.9726
ce,3200,6.823027718550106,8.233806499105413,0.9736
ce,3250,6.929637526652452,8.393501299316995,0.9701
ce,3283,7.0,8.63474919932196,0.974
ce,3300,7.036247334754798,8.706625699240249,0.974
ce,3350,7.142857142857143,8.820814099279232,0.9734
ce,3400,7.249466950959488,8.96312979963841,0.9686
ce,3450,7.356076759061834,9.043742799491156,0.9737
ce,3500,7.462686567164179,9.116368199232966,0.9724
ce,3550,7.569296375266524,9.178792899183463,0.9724
ce,3600,7.67590618336887,9.248302399006207,0.9717
ce,3650,7.782515991471215,9.36348359886324,0.9721
ce,3700,7.889125799573561,9.46767769876169,0.9725
ce,3750,7.995735607675906,9.590230898524169,0.9697
ce,3752,8.0,9.595202498545405,0.9712
ce,3800,8.102345415778252,9.704710298625287,0.9731
ce,3850,8.208955223880597,9.760905398405157,0.9742
ce,3900,8.315565031982942,9.8230626982986,0.9749
ce,3950,8.422174840085288,9.893010398198385,0.9721
ce,4000,8.528784648187633,10.006618598476052,0.9731
ce,4050,8.635394456289978,10.121866498549934,0.9737
ce,4100,8.742004264392325,10.219713898492046,0.9751
ce,4150,8.84861407249467,10.32193419826217,0.9752
ce,4200,8.955223880597014,10.435005198174622,0.9734
ce,4221,9.0,10.472506498394068,0.974
ce,4250,9.06183368869936,10.513499998254701,0.9723
ce,4300,9.168443496801705,10.584802598168608,0.9759
ce,4350,9.275053304904052,10.671458898112178,0.9748
ce,4400,9.381663113006397,10.76860179839423,0.9757
ce,4450,9.488272921108742,10.87516319862334,0.9746
ce,4500,9.594882729211088,10.962306298548356,0.9752
ce,4550,9.701492537313433,11.062528198468499,0.9736
ce,4600,9.808102345415778,11.159192998660728,0.9743
ce,4650,9.914712153518124,11.27753699850291,0.9769
ce,4690,10.0,11.328274998406414,0.9737
ce,4700,10.021321961620469,11.346404798387084,0.9761
ce,4750,10.127931769722814,11.446132998389658,0.9761
ce,4800,10.23454157782516,11.546141498722136,0.9747
ce,4850,10.341151385927505,11.666087298712227,0.9761
ce,4900,10.447761194029852,11.770382798742503,0.9762
ce,4950,10.554371002132196,11.864573698781896,0.9743
ce,5000,10.660980810234541,11.973025799263269,0.9756
ce,5050,10.767590618336888,12.027677999343723,0.9753
ce,5100,10.874200426439232,12.09066669922322,0.9759
ce,5150,10.980810234541577,12.196694399171975,0.9776
ce,5159,11.0,12.215497999102809,0.9754
ce,5200,11.087420042643924,12.313344399270136,0.9773
ce,5250,11.194029850746269,12.444376699102577,0.9746
ce,5300,11.300639658848613,12.577506699191872,0.9752
ce,5350,11.40724946695096,12.624919499154203,0.9753
ce,5400,11.513859275053305,12.68070029898081,0.9761
ce,5450,11.620469083155651,12.751101398724131,0.9768
ce,5500,11.727078891257996,12.862938698614016,0.9763
ce,5550,11.83368869936034,12.978298798843753,0.9772
ce,5600,11.940298507462687,13.121519298758358,0.977
ce,5628,12.0,13.186894498590846,0.9749
ce,5650,12.046908315565032,13.212700398580637,0.9775
ce,5700,12.153518123667377,13.273894598416518,0.9762
ce,5750,12.260127931769723,13.339186498662457,0.9762
ce,5800,12.366737739872068,13.437446298485156,0.977
ce,5850,12.473347547974413,13.582674398785457,0.9743
ce,5900,12.57995735607676,13.715224998944905,0.9759
ce,5950,12.686567164179104,13.833405698940624,0.9767
ce,6000,12.793176972281449,13.920259798876941,0.9775
ce,6050,12.899786780383796,13.998651398927905,0.9766
ce,6097,13.0,14.062752099416684,0.9759
ce,6100,13.00639658848614,14.069870499428362,0.9754
ce,6150,13.113006396588487,14.197381199337542,0.9758
ce,6200,13.219616204690832,14.314329899149016,0.9777
ce,6250,13.326226012793176,14.428359798912425,0.9776
ce,6300,13.432835820895523,14.528713598556351,0.9773
ce,6350,13.539445628997868,14.633219898794778,0.9752
ce,6400,13.646055437100213,14.753143098729197,0.9752
ce,6450,13.752665245202559,14.813745098479558,0.977
ce,6500,13.859275053304904,14.871500898443628,0.9779
ce,6550,13.965884861407249,14.943573798344005,0.9776
ce,6566,14.0,14.976521398406476,0.9769
ce,6600,14.072494669509595,15.047801798442379,0.9751
ce,6650,14.17910447761194,15.161669398657978,0.9791
ce,6700,14.285714285714286,15.295241098443512,0.9786
ce,6750,14.392324093816631,15.381712398666423,0.9782
ce,6800,14.498933901918976,15.440093098441139,0.9789
ce,6850,14.605543710021323,15.508922398439609,0.9766
ce,6900,14.712153518123667,15.59389629837824,0.9755
ce,6950,14.818763326226012,15.702548598463181,0.9766
ce,7000,14.925373134328359,15.794359898660332,0.9781
ce,7035,15.0,15.879959698708262,0.9761
ce,7050,15.031982942430703,15.910544498765375,0.978
ce,7100,15.138592750533048,16.00051609898219,0.9772
ce,7150,15.245202558635395,16.062375498877373,0.977
ce,7200,15.35181236673774,16.125317699101288,0.978
ce,7250,15.458422174840086,16.193569699360523,0.9784
ce,7300,15.56503198294243,16.289295699447393,0.9769
ce,7350,15.671641791044776,16.391058399458416,0.9767
ce,7400,15.778251599147122,16.50256609963253,0.9775
ce,7450,15.884861407249467,16.602390499494504,0.9781
ce,7500,15.991471215351812,16.736650699283928,0.9776
ce,7504,16.0,16.74391079932684,0.9769
ce,7550,16.098081023454156,16.81049139983952,0.9792
ce,7600,16.204690831556505,16.916351299616508,0.9796
ce,7650,16.31130063965885,16.991977799276356,0.9781
ce,7700,16.417910447761194,17.094287599262316,0.9784
ce,7750,16.52452025586354,17.208357499330305,0.9784
ce,7800,16.631130063965884,17.317352099635173,0.9773
ce,7850,16.73773987206823,17.441543499589898,0.9789
ce,7900,16.844349680170577,17.55447399977129,0.9792
ce,7950,16.95095948827292,17.640709999774117,0.9784
ce,7973,17.0,17.669234199798666,0.979
ce,8000,17.057569296375267,17.73464319994673,0.9783
ce,8050,17.16417910447761,17.838079599896446,0.9769
ce,8100,17.270788912579956,17.94084429962095,0.9764
ce,8150,17.377398720682304,18.059928999573458,0.9797
ce,8200,17.48400852878465,18.184181299526244,0.9786
ce,8250,17.590618336886994,18.28781229973538,0.977
ce,8300,17.69722814498934,18.357670399709605,0.979
ce,8350,17.803837953091683,18.415601799904834,0.979
ce,8400,17.91044776119403,18.502263499831315,0.9751
ce,8442,18.0,18.583360999822617,0.9774
ce,8450,18.017057569296377,18.600985799741466,0.9782
ce,8500,18.12366737739872,18.74502929969458,0.9771
ce,8550,18.230277185501066,18.86853849986801,0.9779
ce,8600,18.33688699360341,18.94515660009347,0.9784
ce,8650,18.443496801705756,19.013388600084,0.9772
ce,8700,18.550106609808104,19.076537799963262,0.9789
ce,8750,18.65671641791045,19.16254850005498,0.9776
ce,8800,18.763326226012794,19.245779300050344,0.9798
ce,8850,18.86993603411514,19.33780670008855,0.9786
ce,8900,18.976545842217483,19.454636399750598,0.9796
ce,8911,19.0,19.479906199674588,0.9787
ce,8950,19.083155650319828,19.559312199708074,0.9783
ce,9000,19.189765458422176,19.61377599957632,0.9791
ce,9050,19.29637526652452,19.671030700032134,0.9774
ce,9100,19.402985074626866,19.752207200275734,0.979
ce,9150,19.50959488272921,19.823046900564805,0.9795
ce,9200,19.616204690831555,19.890249600517564,0.9789
ce,9250,19.722814498933904,19.956901300814934,0.9791
ce,9300,19.82942430703625,20.02479750069324,0.9794
ce,9350,19.936034115138593,20.087488800869323,0.9789
ce,9380,20.0,20.12440600094851,0.9784
mse,0,0.0,0.0,0.1035
mse,50,0.10660980810234541,0.06502530007855967,0.6528
mse,100,0.21321961620469082,0.12254989985376596,0.7975
mse,150,0.31982942430703626,0.1806902996613644,0.8689
mse,200,0.42643923240938164,0.2338407994247973,0.891
mse,250,0.5330490405117271,0.285628599638585,0.8977
mse,300,0.6396588486140725,0.3388006994500756,0.9036
mse,350,0.746268656716418,0.39613309933338314,0.9079
mse,400,0.8528784648187633,0.448238899174612,0.916
mse,450,0.9594882729211087,0.503160000545904,0.9147
mse,469,1.0,0.5237091003218666,0.9174
mse,500,1.0660980810234542,0.5582042005844414,0.9217
mse,550,1.1727078891257996,0.6167183003854007,0.9206
mse,600,1.279317697228145,0.6704515003948472,0.9258
mse,650,1.3859275053304905,0.7214070004411042,0.9255
mse,700,1.492537313432836,0.7740055009489879,0.9282
mse,750,1.5991471215351811,0.8229622009093873,0.9329
mse,800,1.7057569296375266,0.8709805010585114,0.9294
mse,850,1.812366737739872,0.9249447010806762,0.9311
mse,900,1.9189765458422174,0.9777381010353565,0.9347
mse,938,2.0,1.0169455009745434,0.9352
mse,950,2.025586353944563,1.0301653009955771,0.9361
mse,1000,2.1321961620469083,1.0865850009722635,0.9362
mse,1050,2.2388059701492535,1.1482188006630167,0.9343
mse,1100,2.345415778251599,1.2039773006690666,0.9397
mse,1150,2.4520255863539444,1.2625667006359436,0.9398
mse,1200,2.55863539445629,1.320138300769031,0.9418
mse,1250,2.6652452025586353,1.37962000106927,0.9426
mse,1300,2.771855010660981,1.4360445011407137,0.9449
mse,1350,2.878464818763326,1.4916838011704385,0.943
mse,1400,2.985074626865672,1.5501391015131958,0.9456
mse,1407,3.0,1.5585374013753608,0.9462
mse,1450,3.091684434968017,1.6010122016305104,0.9457
mse,1500,3.1982942430703623,1.649968501587864,0.9457
mse,1550,3.304904051172708,1.7088524014689028,0.9465
mse,1600,3.411513859275053,1.766143101383932,0.9473
mse,1650,3.518123667377399,1.8197174014057964,0.9486
mse,1700,3.624733475479744,1.8765027016052045,0.9492
mse,1750,3.7313432835820897,1.9345190016902052,0.9497
mse,1800,3.837953091684435,1.99193430156447,0.9507
mse,1850,3.9445628997867805,2.0461467014974914,0.9519
mse,1876,4.0,2.075451501412317,0.9532
mse,1900,4.051172707889126,2.1013562014559284,0.9527
mse,1950,4.157782515991471,2.1531054014340043,0.9508
mse,2000,4.264392324093817,2.2133889017277397,0.953
mse,2050,4.371002132196162,2.2735120018478483,0.9436
mse,2100,4.477611940298507,2.3324769017635845,0.9533
mse,2150,4.584221748400853,2.392898701655213,0.953
mse,2200,4.690831556503198,2.4560082015232183,0.9553
mse,2250,4.797441364605544,2.525510201463476,0.9564
mse,2300,4.904051172707889,2.5942365012597293,0.9539
mse,2345,5.0,2.66240670112893,0.9564
mse,2350,5.0106609808102345,2.668958301132079,0.9561
mse,2400,5.11727078891258,2.735793500847649,0.9538
mse,2450,5.223880597014926,2.8023817007197067,0.9561
mse,2500,5.330490405117271,2.8663214007392526,0.9572
mse,2550,5.437100213219616,2.9354168006102555,0.9574
mse,2600,5.543710021321962,3.0040920007159,0.9557
mse,2650,5.650319829424307,3.065896500775125,0.958
mse,2700,5.756929637526652,3.1200564011815004,0.9581
mse,2750,5.863539445628998,3.1748650010558777,0.9573
mse,2800,5.970149253731344,3.2394586009904742,0.9603
mse,2814,6.0,3.2579645010991953,0.9578
mse,2850,6.076759061833688,3.320882201252971,0.959
mse,2900,6.183368869936034,3.3980166012770496,0.961
mse,2950,6.28997867803838,3.508559001260437,0.9586
mse,3000,6.3965884861407245,3.6137245008721948,0.9603
mse,3050,6.50319829424307,3.7398729009437375,0.9608
mse,3100,6.609808102345416,3.840987700910773,0.9614
mse,3150,6.7164179104477615,3.8940400009742007,0.9615
mse,3200,6.823027718550106,3.949564700596966,0.9617
mse,3250,6.929637526652452,4.048838800517842,0.9614
mse,3283,7.0,4.127113800204825,0.9609
mse,3300,7.036247334754798,4.16097160015488,0.9623
mse,3350,7.142857142857143,4.256885200331453,0.9626
mse,3400,7.249466950959488,4.346063800272532,0.9612
mse,3450,7.356076759061834,4.445970800006762,0.9619
mse,3500,7.462686567164179,4.537407799914945,0.9616
mse,3550,7.569296375266524,4.591335800068919,0.9649
mse,3600,7.67590618336887,4.653118200367317,0.9608
mse,3650,7.782515991471215,4.7513975003384985,0.9629
mse,3700,7.889125799573561,4.890269900439307,0.9643
mse,3750,7.995735607675906,4.981696299335454,0.964
mse,3752,8.0,4.984874199377373,0.9651
mse,3800,8.102345415778252,5.045452499296516,0.9641
mse,3850,8.208955223880597,5.111683199123945,0.9651
mse,3900,8.315565031982942,5.175050599093083,0.9647
mse,3950,8.422174840085288,5.236443098867312,0.9639
mse,4000,8.528784648187633,5.294897699030116,0.9647
mse,4050,8.635394456289978,5.358940999256447,0.964
mse,4100,8.742004264392325,5.42646299948683,0.9663
mse,4150,8.84861407249467,5.4866189995082095,0.9661
mse,4200,8.955223880597014,5.558603799261618,0.9658
mse,4221,9.0,5.587041799270082,0.9652
mse,4250,9.06183368869936,5.625226999458391,0.9664
mse,4300,9.168443496801705,5.6928498996421695,0.9677
mse,4350,9.275053304904052,5.754147899511736,0.9661
mse,4400,9.381663113006397,5.814749499899335,0.9658
mse,4450,9.488272921108742,5.877164299832657,0.9677
mse,4500,9.594882729211088,5.939947599719744,0.9681
mse,4550,9.701492537313433,6.000087699852884,0.9662
mse,4600,9.808102345415778,6.058862999663688,0.9663
mse,4650,9.914712153518124,6.119545499503147,0.9661
mse,4690,10.0,6.166737299587112,0.9653
mse,4700,10.021321961620469,6.181359299633186,0.9673
mse,4750,10.127931769722814,6.240566299413331,0.9685
mse,4800,10.23454157782516,6.305553299607709,0.9652
mse,4850,10.341151385927505,6.367209399701096,0.9678
mse,4900,10.447761194029852,6.4258174994029105,0.967
mse,4950,10.554371002132196,6.48636289924616,0.9676
mse,5000,10.660980810234541,6.5478964989306405,0.9682
mse,5050,10.767590618336888,6.61216619896004,0.9687
mse,5100,10.874200426439232,6.687772399105597,0.9671
mse,5150,10.980810234541577,6.753585499187466,0.9686
mse,5159,11.0,6.765748399193399,0.9689
mse,5200,11.087420042643924,6.826854199054651,0.9692
mse,5250,11.194029850746269,6.89743839885341,0.9695
mse,5300,11.300639658848613,6.965662798844278,0.9684
mse,5350,11.40724946695096,7.03282669885084,0.968
mse,5400,11.513859275053305,7.093148098443635,0.968
mse,5450,11.620469083155651,7.155437598528806,0.9697
mse,5500,11.727078891257996,7.216193498752546,0.9703
mse,5550,11.83368869936034,7.273902798711788,0.9681
mse,5600,11.940298507462687,7.33366549864877,0.9684
mse,5628,12.0,7.366540098679252,0.9687
mse,5650,12.046908315565032,7.394324898836203,0.9711
mse,5700,12.153518123667377,7.455001999041997,0.9691
mse,5750,12.260127931769723,7.518019299139269,0.9706
mse,5800,12.366737739872068,7.585105799254961,0.9704
mse,5850,12.473347547974413,7.645310699241236,0.9698
mse,5900,12.57995735607676,7.708832699165214,0.9704
mse,5950,12.686567164179104,7.770734199380968,0.9703
mse,6000,12.793176972281449,7.832530299259815,0.9687
mse,6050,12.899786780383796,7.8913974993047304,0.9701
mse,6097,13.0,7.947197099158075,0.971
mse,6100,13.00639658848614,7.95200299913995,0.9705
mse,6150,13.113006396588487,8.019764499214943,0.9705
mse,6200,13.219616204690832,8.08309289906174,0.9691
mse,6250,13.326226012793176,8.147560799203347,0.9708
mse,6300,13.432835820895523,8.213507699547336,0.9705
mse,6350,13.539445628997868,8.277725099469535,0.9713
mse,6400,13.646055437100213,8.337592399329878,0.9699
mse,6450,13.752665245202559,8.397586199163925,0.9706
mse,6500,13.859275053304904,8.46158509934321,0.9716
mse,6550,13.965884861407249,8.524509999086149,0.9725
mse,6566,14.0,8.544920799264219,0.9708
mse,6600,14.072494669509595,8.588424399436917,0.9718
mse,6650,14.17910447761194,8.652890999102965,0.9728
mse,6700,14.285714285714286,8.711971099255607,0.9712
mse,6750,14.392324093816631,8.7761954991729,0.9707
mse,6800,14.498933901918976,8.837009299197234,0.9715
mse,6850,14.605543710021323,8.89485559926834,0.9723
mse,6900,14.712153518123667,8.952853499329649,0.9694
mse,6950,14.818763326226012,9.021127099054866,0.9725
mse,7000,14.925373134328359,9.083312599046621,0.9724
mse,7035,15.0,9.124903998919763,0.9712
mse,7050,15.031982942430703,9.143996998784132,0.9717
mse,7100,15.138592750533048,9.209996499062981,0.9723
mse,7150,15.245202558635395,9.273275199113414,0.9719
mse,7200,15.35181236673774,9.340581298805773,0.9712
mse,7250,15.458422174840086,9.404845798446331,0.9731
mse,7300,15.56503198294243,9.467172698583454,0.9729
mse,7350,15.671641791044776,9.529477098956704,0.9728
mse,7400,15.778251599147122,9.594492298841942,0.9719
mse,7450,15.884861407249467,9.655281598737929,0.972
mse,7500,15.991471215351812,9.716336698678788,0.9714
mse,7504,16.0,9.7218886987539,0.9724
mse,7550,16.098081023454156,9.779913298494648,0.9741
mse,7600,16.204690831556505,9.842066598299425,0.9725
mse,7650,16.31130063965885,9.905599398072809,0.9717
mse,7700,16.417910447761194,9.97068419813877,0.9732
mse,7750,16.52452025586354,10.031877698376775,0.9737
mse,7800,16.631130063965884,10.093592098506633,0.9739
mse,7850,16.73773987206823,10.154441398452036,0.9731
mse,7900,16.844349680170577,10.211431298288517,0.9744
mse,7950,16.95095948827292,10.269941498409025,0.9734
mse,7973,17.0,10.300998698512558,0.9737
mse,8000,17.057569296375267,10.33686619834043,0.9745
mse,8050,17.16417910447761,10.400396597979125,0.9724
mse,8100,17.270788912579956,10.458950497966725,0.9725
mse,8150,17.377398720682304,10.525547398196068,0.9732
mse,8200,17.48400852878465,10.58726109820418,0.9722
mse,8250,17.590618336886994,10.6649471980636,0.9731
mse,8300,17.69722814498934,10.728835498041008,0.9743
mse,8350,17.803837953091683,10.795784897985868,0.9726
mse,8400,17.91044776119403,10.860729398322292,0.9715
mse,8442,18.0,10.915682898194063,0.9714
mse,8450,18.017057569296377,10.92506719805533,0.9737
mse,8500,18.12366737739872,10.983937298238743,0.973
mse,8550,18.230277185501066,11.045816998288501,0.9743
mse,8600,18.33688699360341,11.104973398323637,0.9745
mse,8650,18.443496801705756,11.161885598441586,0.9735
mse,8700,18.550106609808104,11.22661129856715,0.975
mse,8750,18.65671641791045,11.284272998687811,0.974
mse,8800,18.763326226012794,11.343659698963165,0.9746
mse,8850,18.86993603411514,11.40383629896678,0.9728
mse,8900,18.976545842217483,11.46389009867562,0.9737
mse,8911,19.0,11.47798929864075,0.9735
mse,8950,19.083155650319828,11.527434698713478,0.9741
mse,9000,19.189765458422176,11.590451998868957,0.9756
mse,9050,19.29637526652452,11.650763099256437,0.9741
mse,9100,19.402985074626866,11.711636598978657,0.9748
mse,9150,19.50959488272921,11.779367398645263,0.9749
mse,9200,19.616204690831555,11.844490598654374,0.973
mse,9250,19.722814498933904,11.90507849858841,0.9752
mse,9300,19.82942430703625,11.963400398963131,0.9739
mse,9350,19.936034115138593,12.019694698683452,0.9742
mse,9380,20.0,12.05604139866773,0.9748
hinge,0,0.0,0.0,0.1035
hinge,50,0.10660980810234541,0.06752999982563779,0.8734
hinge,100,0.21321961620469082,0.13607419974869117,0.9026
hinge,150,0.31982942430703626,0.20135689986636862,0.9201
hinge,200,0.42643923240938164,0.26749739988008514,0.9319
hinge,250,0.5330490405117271,0.3319282998563722,0.9357
hinge,300,0.6396588486140725,0.39926869980990887,0.9441
hinge,350,0.746268656716418,0.46814839978469536,0.9462
hinge,400,0.8528784648187633,0.5289561997633427,0.9401
hinge,450,0.9594882729211087,0.5900511997169815,0.9491
hinge,469,1.0,0.6148150997469202,0.9546
hinge,500,1.0660980810234542,0.6601230995729566,0.9468
hinge,550,1.1727078891257996,0.7361710996483453,0.9583
hinge,600,1.279317697228145,0.8070348998880945,0.9514
hinge,650,1.3859275053304905,0.882966999837663,0.9542
hinge,700,1.492537313432836,0.9621677995892242,0.9571
hinge,750,1.5991471215351811,1.0304057995672338,0.954
hinge,800,1.7057569296375266,1.1024931994033977,0.9626
hinge,850,1.812366737739872,1.1780660991789773,0.9611
hinge,900,1.9189765458422174,1.2382433992461301,0.9644
hinge,938,2.0,1.2857597989495844,0.964
hinge,950,2.025586353944563,1.3054389989119954,0.9645
hinge,1000,2.1321961620469083,1.374630099569913,0.9634
hinge,1050,2.2388059701492535,1.4272380998008884,0.9622
hinge,1100,2.345415778251599,1.48235389997717,0.9623
hinge,1150,2.4520255863539444,1.5360382999642752,0.966
hinge,1200,2.55863539445629,1.5875128003535792,0.9694
hinge,1250,2.6652452025586353,1.6421954003162682,0.9666
hinge,1300,2.771855010660981,1.6973630000138655,0.9634
hinge,1350,2.878464818763326,1.758671200077515,0.9677
hinge,1400,2.985074626865672,1.8168914003181271,0.9703
hinge,1407,3.0,1.8246402004151605,0.9705
hinge,1450,3.091684434968017,1.872496200259775,0.9708
hinge,1500,3.1982942430703623,1.9270620004390366,0.97
hinge,1550,3.304904051172708,1.9781035002088174,0.9684
hinge,1600,3.411513859275053,2.044984300271608,0.9701
hinge,1650,3.518123667377399,2.1007679003523663,0.9709
hinge,1700,3.624733475479744,2.1567337003652938,0.9695
hinge,1750,3.7313432835820897,2.213950000295881,0.9706
hinge,1800,3.837953091684435,2.2806068005156703,0.971
hinge,1850,3.9445628997867805,2.338989600481,0.9721
hinge,1876,4.0,2.3683651005267166,0.9727
hinge,1900,4.051172707889126,2.39540680043865,0.9723
hinge,1950,4.157782515991471,2.4496327004162595,0.9725
hinge,2000,4.264392324093817,2.507444000511896,0.9741
hinge,2050,4.371002132196162,2.5573172008735128,0.9722
hinge,2100,4.477611940298507,2.6081629009568132,0.9745
hinge,2150,4.584221748400853,2.6595268012024462,0.9741
hinge,2200,4.690831556503198,2.7149156012455933,0.973
hinge,2250,4.797441364605544,2.7714874012744986,0.9744
hinge,2300,4.904051172707889,2.833807101356797,0.975
hinge,2345,5.0,2.883044101705309,0.9744
hinge,2350,5.0106609808102345,2.8887133016833104,0.9742
hinge,2400,5.11727078891258,2.9539056016365066,0.9726
hinge,2450,5.223880597014926,3.013087301456835,0.9741
hinge,2500,5.330490405117271,3.072945201420225,0.9767
hinge,2550,5.437100213219616,3.141275901114568,0.974
hinge,2600,5.543710021321962,3.1966386009007692,0.9747
hinge,2650,5.650319829424307,3.2594403009861708,0.9752
hinge,2700,5.756929637526652,3.3182481009862386,0.9761
hinge,2750,5.863539445628998,3.376534900686238,0.9742
hinge,2800,5.970149253731344,3.4305326005560346,0.9721
hinge,2814,6.0,3.4465953006292693,0.9749
hinge,2850,6.076759061833688,3.492047800857108,0.9733
hinge,2900,6.183368869936034,3.551883000473026,0.9746
hinge,2950,6.28997867803838,3.61214250017656,0.9775
hinge,3000,6.3965884861407245,3.665824400202837,0.9763
hinge,3050,6.50319829424307,3.7245776000781916,0.9764
hinge,3100,6.609808102345416,3.7846161003690213,0.9756
hinge,3150,6.7164179104477615,3.841537000378594,0.9766
hinge,3200,6.823027718550106,3.900354200624861,0.977
hinge,3250,6.929637526652452,3.9574534009443596,0.9767
hinge,3283,7.0,3.9948480012244545,0.9743
hinge,3300,7.036247334754798,4.0164238010765985,0.9768
hinge,3350,7.142857142857143,4.0742529010167345,0.9738
hinge,3400,7.249466950959488,4.143829501466826,0.9738
hinge,3450,7.356076759061834,4.206223301414866,0.9771
hinge,3500,7.462686567164179,4.268455801298842,0.9755
hinge,3550,7.569296375266524,4.324975901050493,0.9756
hinge,3600,7.67590618336887,4.386601601028815,0.9758
hinge,3650,7.782515991471215,4.44386060081888,0.9779
hinge,3700,7.889125799573561,4.502104000712279,0.9738
hinge,3750,7.995735607675906,4.608877900405787,0.9755
hinge,3752,8.0,4.6134336004033685,0.9763
hinge,3800,8.102345415778252,4.717861000273842,0.9761
hinge,3850,8.208955223880597,4.788691499968991,0.9759
hinge,3900,8.315565031982942,4.897623299795669,0.977
hinge,3950,8.422174840085288,5.016701499524061,0.9776
hinge,4000,8.528784648187633,5.123182299663313,0.9775
hinge,4050,8.635394456289978,5.231199099565856,0.976
hinge,4100,8.742004264392325,5.339873499644455,0.975
hinge,4150,8.84861407249467,5.46062079956755,0.9765
hinge,4200,8.955223880597014,5.560123399482109,0.9773
hinge,4221,9.0,5.587518499582075,0.976
hinge,4250,9.06183368869936,5.663275599596091,0.9764
hinge,4300,9.168443496801705,5.788894499652088,0.9766
hinge,4350,9.275053304904052,5.901605299732182,0.9783
hinge,4400,9.381663113006397,6.025426299951505,0.9788
hinge,4450,9.488272921108742,6.158911999838892,0.9778
hinge,4500,9.594882729211088,6.254583099856973,0.9778
hinge,4550,9.701492537313433,6.3183874997776,0.9764
hinge,4600,9.808102345415778,6.385515999980271,0.9752
hinge,4650,9.914712153518124,6.4743709998438135,0.9772
hinge,4690,10.0,6.563919999753125,0.9745
hinge,4700,10.021321961620469,6.587341699807439,0.9783
hinge,4750,10.127931769722814,6.7105699996463954,0.9767
hinge,4800,10.23454157782516,6.83891069953097,0.9777
hinge,4850,10.341151385927505,6.91397429961944,0.9761
hinge,4900,10.447761194029852,6.979290799470618,0.9774
hinge,4950,10.554371002132196,7.0659746992751025,0.9785
hinge,5000,10.660980810234541,7.178982499055564,0.9769
hinge,5050,10.767590618336888,7.312491299351677,0.9757
hinge,5100,10.874200426439232,7.4422660994459875,0.9779
hinge,5150,10.980810234541577,7.567013799736742,0.9777
hinge,5159,11.0,7.591842599736992,0.9774
hinge,5200,11.087420042643924,7.645138999563642,0.9776
hinge,5250,11.194029850746269,7.758847399614751,0.9779
hinge,5300,11.300639658848613,7.881070699717384,0.9766
hinge,5350,11.40724946695096,8.00775199959753,0.9783
hinge,5400,11.513859275053305,8.123813499638345,0.9777
hinge,5450,11.620469083155651,8.25470439979108,0.9771
hinge,5500,11.727078891257996,8.3631817997084,0.9784
hinge,5550,11.83368869936034,8.43237789941486,0.9781
hinge,5600,11.940298507462687,8.497414498939179,0.9786
hinge,5628,12.0,8.548159199010115,0.9785
hinge,5650,12.046908315565032,8.597577999171335,0.9787
hinge,5700,12.153518123667377,8.698174099146854,0.976
hinge,5750,12.260127931769723,8.798473799135536,0.9776
hinge,5800,12.366737739872068,8.915543299459387,0.9791
hinge,5850,12.473347547974413,9.021754799294285,0.9772
hinge,5900,12.57995735607676,9.084771199326497,0.9768
hinge,5950,12.686567164179104,9.151283699262422,0.9793
hinge,6000,12.793176972281449,9.256197199341841,0.976
hinge,6050,12.899786780383796,9.380376199551392,0.98
hinge,6097,13.0,9.46527109987801,0.9776
hinge,6100,13.00639658848614,9.47026129992446,0.977
hinge,6150,13.113006396588487,9.560522000014316,0.9786
hinge,6200,13.219616204690832,9.665420100092888,0.9786
hinge,6250,13.326226012793176,9.753625900309999,0.9795
hinge,6300,13.432835820895523,9.815392700314987,0.9778
hinge,6350,13.539445628997868,9.910075200139545,0.9785
hinge,6400,13.646055437100213,10.018926800228655,0.9788
hinge,6450,13.752665245202559,10.113658100599423,0.9776
hinge,6500,13.859275053304904,10.21479800081579,0.9793
hinge,6550,13.965884861407249,10.297133301035501,0.978
hinge,6566,14.0,10.328452101151925,0.9759
hinge,6600,14.072494669509595,10.373242500820197,0.9773
hinge,6650,14.17910447761194,10.44236120104324,0.9798
hinge,6700,14.285714285714286,10.545813000993803,0.9794
hinge,6750,14.392324093816631,10.664033301000018,0.9767
hinge,6800,14.498933901918976,10.774428501259536,0.9798
hinge,6850,14.605543710021323,10.872075301303994,0.9789
hinge,6900,14.712153518123667,10.994394201261457,0.9765
hinge,6950,14.818763326226012,11.100177001324482,0.9776
hinge,7000,14.925373134328359,11.201301401422825,0.9768
hinge,7035,15.0,11.254833101294935,0.9782
hinge,7050,15.031982942430703,11.292067301343195,0.9778
hinge,7100,15.138592750533048,11.398353301046882,0.9774
hinge,7150,15.245202558635395,11.516392500896472,0.9776
hinge,7200,15.35181236673774,11.636252200987656,0.9782
hinge,7250,15.458422174840086,11.762821200711187,0.9778
hinge,7300,15.56503198294243,11.869476900901645,0.9788
hinge,7350,15.671641791044776,11.94035860087024,0.9787
hinge,7400,15.778251599147122,12.031907400756609,0.9783
hinge,7450,15.884861407249467,12.140521700843237,0.9776
hinge,7500,15.991471215351812,12.260320601286367,0.9773
hinge,7504,16.0,12.272346501238644,0.9781
hinge,7550,16.098081023454156,12.383726101194043,0.9777
hinge,7600,16.204690831556505,12.475166301475838,0.9786
hinge,7650,16.31130063965885,12.557059901417233,0.9779
hinge,7700,16.417910447761194,12.640840801293962,0.9791
hinge,7750,16.52452025586354,12.727349001273979,0.9778
hinge,7800,16.631130063965884,12.841017101076432,0.9791
hinge,7850,16.73773987206823,12.956558900943492,0.9789
hinge,7900,16.844349680170577,13.073713200865313,0.9781
hinge,7950,16.95095948827292,13.198097400716506,0.9798
hinge,7973,17.0,13.25054870074382,0.9787
hinge,8000,17.057569296375267,13.291118100634776,0.978
hinge,8050,17.16417910447761,13.397998700442258,0.9787
hinge,8100,17.270788912579956,13.522221400518902,0.9783
hinge,8150,17.377398720682304,13.638536500628106,0.9783
hinge,8200,17.48400852878465,13.746765600633807,0.9791
hinge,8250,17.590618336886994,13.842840900586452,0.9789
hinge,8300,17.69722814498934,13.933071700914297,0.9779
hinge,8350,17.803837953091683,14.034295200952329,0.9784
hinge,8400,17.91044776119403,14.108659001009073,0.9795
hinge,8442,18.0,14.168845500971656,0.9788
hinge,8450,18.017057569296377,14.182588300958741,0.9785
hinge,8500,18.12366737739872,14.258126400469337,0.9795
hinge,8550,18.230277185501066,14.335785900475457,0.979
hinge,8600,18.33688699360341,14.417208900442347,0.9783
hinge,8650,18.443496801705756,14.491465600265656,0.9786
hinge,8700,18.550106609808104,14.567447300360072,0.9787
hinge,8750,18.65671641791045,14.638789000338875,0.9794
hinge,8800,18.763326226012794,14.713397299812641,0.9801
hinge,8850,18.86993603411514,14.786380599834956,0.9787
hinge,8900,18.976545842217483,14.852013200114015,0.9799
hinge,8911,19.0,14.86773250013357,0.9796
hinge,8950,19.083155650319828,14.926757300214376,0.9782
hinge,9000,19.189765458422176,15.011625100160018,0.9776
hinge,9050,19.29637526652452,15.089429799758364,0.9798
hinge,9100,19.402985074626866,15.163712699373718,0.9793
hinge,9150,19.50959488272921,15.235309999319725,0.9791
hinge,9200,19.616204690831555,15.31145619956078,0.9786
hinge,9250,19.722814498933904,15.380407599441241,0.9785
hinge,9300,19.82942430703625,15.449410899425857,0.9784
hinge,9350,19.936034115138593,15.520171999523882,0.9792
hinge,9380,20.0,15.559046499489341,0.9767
