loss,epoch,train_loss,train_accuracy,test_accuracy,test_loss,test_cross_entropy,train_seconds
ce,1,0.41145424001506653,0.9360333333333334,0.9365,0.21693061008453368,0.21693061008453368,0.11431048507802188
ce,2,0.19221463905119185,0.9565833333333333,0.9541,0.15762361792325974,0.15762361792325974,0.23292210331419483
ce,3,0.14255169742524243,0.9655,0.9622,0.1270105423092842,0.1270105423092842,0.35370726621476933
ce,4,0.11492251257684186,0.9725,0.967,0.10983675799369812,0.10983675799369812,0.47308935708133504
ce,5,0.09566217146194311,0.9752666666666666,0.9683,0.10449527540206908,0.10449527540206908,0.5939440058136825
ce,6,0.08137998210865932,0.9802833333333333,0.971,0.09487638107538224,0.09487638107538224,0.7135178411263041
ce,7,0.07062067416335728,0.98345,0.9735,0.08773492341041565,0.08773492341041565,0.833775470033288
ce,8,0.0618932466985765,0.984,0.9714,0.08990748121738434,0.08990748121738434,0.9525040141306818
ce,9,0.0546159684411816,0.9867833333333333,0.9735,0.08151800132989884,0.08151800132989884,1.0678419320320245
ce,10,0.0486060674669646,0.98795,0.9738,0.07976005084514617,0.07976005084514617,1.1860277103842236
ce,11,0.042827944303038656,0.98985,0.9751,0.08055698617696762,0.08055698617696762,1.3049951596767642
ce,12,0.03849757354714469,0.9893166666666666,0.9749,0.08160680595636367,0.08160680595636367,1.4240202196524478
ce,13,0.034129701183437666,0.9923833333333333,0.9759,0.07764595894813538,0.07764595894813538,1.5442235764057841
ce,14,0.03042432793112261,0.99225,0.9769,0.07639453964829444,0.07639453964829444,1.668536238168599
ce,15,0.027270397762142455,0.99295,0.9756,0.07954388747215271,0.07954388747215271,1.786305228684796
ce,16,0.024414189648367703,0.9958666666666667,0.9773,0.07545121256709099,0.07545121256709099,1.9093408357875887
ce,17,0.021569749202900952,0.9951833333333333,0.979,0.07117670125365257,0.07117670125365257,2.025399114791071
ce,18,0.019396409173923008,0.9965,0.9774,0.07679661415815353,0.07679661415815353,2.1428401034208946
ce,19,0.01758423471735961,0.9971666666666666,0.979,0.07182486892938614,0.07182486892938614,2.2617030773544684
ce,20,0.015429782999633773,0.9975166666666667,0.9786,0.07527515954971313,0.07527515954971313,2.3771976912103128
mse,1,0.2682630377791838,0.9159,0.9174,0.12712741512060166,0.3030906216859818,0.1209237779257819
mse,2,0.11734054154996425,0.9363,0.9352,0.09918180499076844,0.24389909949302674,0.24115257943049073
mse,3,0.09408280552069007,0.9485166666666667,0.9461,0.08428950395584106,0.20265056476593019,0.3586858541239053
mse,4,0.07988925521641271,0.9570666666666666,0.9533,0.0741283790409565,0.17871461203098296,0.4753455900645349
mse,5,0.07021671746458326,0.9617833333333333,0.9563,0.06857090167999268,0.1663687020778656,0.5958937489485834
mse,6,0.06266979642633373,0.9649166666666666,0.958,0.06439956527352333,0.15405525218248367,0.7246147251571529
mse,7,0.05669908109170669,0.96895,0.9608,0.05964151568412781,0.14112301480770112,0.8469943422242068
mse,8,0.05161195893738189,0.97125,0.9651,0.058005062460899356,0.1335545330286026,0.9649218112172093
mse,9,0.0474433833842418,0.9744666666666667,0.9651,0.053126467674970625,0.12582756835222245,1.082332846504869
mse,10,0.04377039122943288,0.9745166666666667,0.9653,0.05306781703829765,0.12135826325416565,1.2029387916554697
mse,11,0.040633187074261876,0.9794833333333334,0.9694,0.04876585776805878,0.11340194048881531,1.3225307889515534
mse,12,0.037469777367961435,0.9804,0.9686,0.04804038190245628,0.11211101088523864,1.4436808686878067
mse,13,0.03495051754789471,0.9822,0.9706,0.04604417884349823,0.10653215390443802,1.5606595775170717
mse,14,0.03267370335169947,0.9820666666666666,0.9711,0.04573882318139076,0.1044513778924942,1.6814519463223405
mse,15,0.030573005689733,0.9850666666666666,0.9715,0.04399645963907242,0.10168039660453797,1.7986726665403694
mse,16,0.0287669968666203,0.98625,0.9722,0.042420807558298114,0.09674695031642915,1.9604282239452004
mse,17,0.026976801203821957,0.9868333333333333,0.974,0.040916175785660744,0.09393780710697174,2.0879081918974407
mse,18,0.025307955559162394,0.9874666666666667,0.9718,0.04309808967411518,0.09808910522460937,2.2097753159468994
mse,19,0.02380553612893602,0.9882,0.9735,0.040557833921909335,0.09283691750764847,2.331947674130788
mse,20,0.022603776074324382,0.9898,0.9749,0.04094861310422421,0.09310273631811142,2.4508075141347945
hinge,1,0.5100082608777831,0.9562833333333334,0.9546,0.19206789546012878,0.296536470413208,0.11851995694451034
hinge,2,0.15732105686339234,0.9718333333333333,0.9652,0.1413684161543846,0.23089192991256713,0.2326790128427092
hinge,3,0.11065697807397669,0.9745833333333334,0.9649,0.135919668507576,0.22325623545646667,0.38002073660027236
hinge,4,0.08417504193034889,0.9825333333333334,0.973,0.10958360427618027,0.16836425993442536,0.5033471497008577
hinge,5,0.06716140881299909,0.9849833333333333,0.9748,0.10178709207773208,0.15806914534568786,0.6216379420948215
hinge,6,0.05539569627644538,0.98815,0.9766,0.09744279264211654,0.1452118678689003,0.7436663014814258
hinge,7,0.046034169226471806,0.98685,0.9747,0.10608338513374328,0.141791735291481,0.8616936795879155
hinge,8,0.03928563538799757,0.9896,0.9754,0.0990594456076622,0.13666810216903685,0.9822485456534196
hinge,9,0.03286304421472683,0.99115,0.9751,0.09750460163354874,0.14259581969976426,1.100842797633959
hinge,10,0.028675726469931825,0.9919666666666667,0.975,0.09449457269906998,0.12887956383228302,1.218505752593046
hinge,11,0.025172102104213192,0.9944333333333333,0.9765,0.09129603440761566,0.12522053883075715,1.3384192806261126
hinge,12,0.021666545599603702,0.9946333333333334,0.9781,0.09148082238435745,0.12281148813962936,1.45601249136962
hinge,13,0.01870362410572038,0.9954333333333333,0.9774,0.08877659142017365,0.1182928034901619,1.5738219860650133
hinge,14,0.0161106646684473,0.9954,0.9763,0.09510137234926223,0.11652884665727616,1.693789077195106
hinge,15,0.013745121724371399,0.9972333333333333,0.9785,0.08583501399755478,0.10862549116611481,1.8107446470821742
hinge,16,0.012816142596638025,0.9974666666666666,0.9788,0.08957759410142899,0.10514716069698334,1.9263204372837208
hinge,17,0.010852136282818213,0.9979666666666667,0.9794,0.08331855980157853,0.10084262121915817,2.0421337011794094
hinge,18,0.010022253550684401,0.9972666666666666,0.9775,0.08845769808292389,0.1044860337138176,2.1577708505792543
hinge,19,0.007912143624064002,0.9984666666666666,0.9798,0.08531255242824555,0.09980815420150757,2.2773861283203587
hinge,20,0.006896670980960814,0.99795,0.9774,0.09324024628400802,0.10768220484256745,2.3940692413016222
