name,depth,width,layer_sizes,test_accuracy,train_accuracy,train_loss,train_seconds,epochs,epochs_to_90,seconds_to_90,epochs_to_95,seconds_to_95,n_params,nbytes,acc_per_second,acc_per_param,acc_gain_per_extra_second,acc_gain_per_extra_param
d0 linear,0,,784x10,0.9211,0.9191666666666667,0.2908314161781055,0.4315349149983376,10,2,0.08714262500870973,,,7850,31400,2.1344738698687875,0.00011733757961783439,,
d1-w32,1,32,784x32x10,0.9568,0.9630333333333333,0.13253166097631333,0.5465779590012971,10,1,0.05669112500618212,7,0.38169366703368723,25450,101800,1.7505279608205522,3.7595284872298624e-05,0.3103186316860806,2.0284090909090884e-06
d1-w128,1,128,784x128x10,0.9695,0.9761166666666666,0.09131855940990356,0.900722416001372,10,1,0.07824412500485778,4,0.3495842919801362,101770,407080,1.0763582461997074,9.526383020536505e-06,0.10315705319628064,5.153321976149914e-07
d1-w512,1,512,784x512x10,0.9729,0.9796333333333334,0.07878578009048123,2.613619458046742,10,1,0.23647016700124368,3,0.7171458739903755,407050,1628200,0.37224240774786915,2.3901240633828766e-06,0.023738768584848045,1.2975951903807606e-07
d2-w32,2,32,784x32x32x10,0.9664,0.9742833333333333,0.0931912713539181,0.6878149579861201,10,1,0.06471320800483227,4,0.2726994160038885,26506,106024,1.4050290543688666,3.6459669508790466e-05,0.17675976432608748,2.4281732418524875e-06
d2-w128,2,128,784x128x128x10,0.9738,0.98795,0.0486060674669646,1.3008609180396888,10,1,0.13055199998780154,2,0.25642404198879376,118282,473128,0.7485811791989662,8.232867215637206e-06,0.06062167681126316,4.772167487684726e-07
d2-w512,2,512,784x512x512x10,0.9769,0.9908666666666667,0.036441312403853,4.587383419013349,10,1,0.44388041700585745,2,0.8905882510007359,669706,2678824,0.21295364062027997,1.4586997876680215e-06,0.013426860951762548,8.430836919209006e-08
d3-w32,3,32,784x32x32x32x10,0.9607,0.9733,0.08639408499181175,0.8034214990620967,10,1,0.07309141600853764,3,0.23945658301818185,27562,110248,1.1957608815814713,3.4855961105870404e-05,0.10648407793385373,2.00892857142857e-06
d3-w128,3,128,784x128x128x128x10,0.9748,0.9904333333333334,0.03495337655827371,1.6654547519574407,10,1,0.16451587501796894,2,0.31576975001371466,134794,539176,0.5853056042827336,7.231775895069514e-06,0.04351984496200283,4.230211746912022e-07
d3-w512,3,512,784x512x512x512x10,0.9791,0.99645,0.016782029515017133,6.9128640000126325,10,1,0.6425218340009451,1,0.6425218340009451,932362,3729448,0.14163449476196996,1.0501285981196145e-06,0.008948781837679519,6.273580007614821e-08
